AREA_CONTOURID,LONG_DESCRIPTION,CONTOUR_FIGURE
AISTA1AB    ,,P
AIYEDGG19XA ,,P
AIYEDGG19XB ,,P
AIYEDGG11XA ,,P
AIYEDGG11XC ,,P
AIZAOIDEF   ,,P
AIFRK5A     ,,P
AIFRK5B     ,,P
AIFRK6A     ,,P
AIFRK6B     ,,P
AIFRK7A     ,,P
AIFRK7B     ,,P
AIFRK1A     ,,P
AIFRK1B     ,,P
AIFRK2A     ,,P
AIFRK2B     ,,P
AITRGL2A    ,,P
AITRGL2B    ,,P
AITRGL4A    ,,P
AITRGL4B    ,,P
AIEGG2A     ,,P
AIEGG2B     ,,P
AINDG2A     ,,P
AINDG2B     ,,P
AIALB2A     ,,P
AIALB2B     ,,P
AIRDG2A     ,,P
AIRDG2B     ,,P
AIHOF1A     ,,P
AIHOF1B     ,,P
AIBBG1A     ,,P
AIBBG1B     ,,P
AIBBG2A     ,,P
AIBBG2B     ,,P
AIHOF2A     ,,P
AIHOF2B     ,,P
AITRGS1A    ,,P
AITRGS1B    ,,P
AITRGS1C    ,,P
AITRGS3A    ,,P
AITRGS3B    ,,P
AITRGS3C    ,,P
AITRGS2A    ,,P
AITRGS2B    ,,P
AITRGN2A    ,,P
AITRGN2B    ,,P
AITRGN1A    ,,P
AITRGN1B    ,,P
AITRGN3A    ,,P
AITRGN3B    ,,P
AITRGN3C    ,,P
AITRGN4A    ,,P
AITRGN4B    ,,P
AITRGN4C    ,,P
HVABUH      ,,P
HVBOMBH     ,,P
HVDEMAH     ,,P
HVDKBH      ,,P
HVDRNH      ,,P
HVKOVH      ,,P
HVLANDU     ,,P
HVLATH      ,,P
HVNIMH      ,,P
HVRMSH      ,,P
HVSOPLH     ,,P
HVSULH      ,,P
HVTESGH     ,,P
HVTONSH     ,,P
HVWURH      ,,P
MACENTRAL410,,P
MAEAST410   ,,P
MASOUTH410  ,,P
MAWEST410   ,,P
MBCENTRAL410,,P
MBEAST410   ,,P
MBSOUTH410  ,,P
MBWEST410   ,,P
MCCENTRAL410,,P
MCEAST410   ,,P
MCSOUTH410  ,,P
MCWEST410   ,,P
MDCENTRAL410,,P
MDEAST410   ,,P
MDSOUTH410  ,,P
MDWEST410   ,,P
MEEAST410   ,,P
MEWEST410   ,,P
MFEAST410   ,,P
MFWEST410   ,,P
MGEAST410   ,,P
MGWEST410   ,,P
MHEAST410   ,,P
MIEAST410   ,,P
SUADEXAA    ,,P
SUADEXAB    ,,P
SUADEXAC    ,,P
SUADEXAD    ,,P
SUADEXAE    ,,P
SUBASIC1    ,,P
SUBASIC1A   ,,P
SUBASIC1B   ,,P
SUBASIC1C   ,,P
SUBASIC1D   ,,P
SUBASIC1E   ,,P
SUBASIC1N   ,,P
SUBASIC1NH  ,,P
SUBASIC2    ,,P
SUBASIC2A   ,,P
SUBASIC2B   ,,P
SUBASIC2C   ,,P
SUBASIC2D   ,,P
SUBASIC2E   ,,P
SUBASIC2N   ,,P
SUE11       ,,P
SUE12       ,,P
SUE13       ,,P
SUE14       ,,P
SUE15       ,,P
SUE21       ,,P
SUE99       ,,P
SUEDD47A    ,,P
SUEDD47B    ,,P
SUEDD47C    ,,P
SUEDR136A   ,,P
SUEDR136C   ,,P
SUEDR33A    ,,P
SUEDR33B    ,,P
SUEPD24     ,,P
SUEPD57     ,,P
SUFRENCHCORN,,P
SUGH2015A   ,,P
SUGH2015B   ,,P
SUGH2015C   ,,P
SUJANIN     ,,P
SUK01       ,,P
SUK02       ,,P
SUK03       ,,P
SUK04       ,,P
SUK05       ,,P
SUK06       ,,P
SULASER     ,,C
SULKTSA1    ,,P
SULKTSA4    ,,P
SUMORE101   ,,P
SUMORE102   ,,P
SUMORE111   ,,P
SUMORE112   ,,P
SUOR41      ,,P
SUOR42      ,,P
SUOR43      ,,P
SUOR44      ,,P
SUOR51      ,,P
SUOR52      ,,P
SUOR53      ,,P
SUOR54      ,,P
SUOR55      ,,P
SUOR56      ,,P
SUOR57      ,,P
SUOR58      ,,P
SUOR59      ,,P
SUOR61      ,,P
SUOR71      ,,P
SUOR81      ,,P
SUOR82      ,,P
SUOR83      ,,P
SUOR84      ,,P
SUOR85      ,,P
SUOR86      ,,P
SUOR87      ,,P
SUOR88      ,,P
SUTINA      ,,P
SUTP1       ,,P
SUTP1ANORTH ,,P
SUTP1ASOUTH ,,P
SUTRA205    ,,P
SUTRA208A   ,,P
SUTRA208B   ,,P
SUTRA305    ,,P
SUTRA305A   ,,P
SUTRA305AD  ,,P
SUTRA305B   ,,P
SUTRA305BC  ,,P
SUTRA305C   ,,P
SUTRA305D   ,,P
SUTRA307    ,,P
SUTRA307A   ,,P
SUTRA307B   ,,P
SUTRA307D   ,,P
SUTRA307N   ,,P
SUTRA307S   ,,P
SUTRA308    ,,P
SUTRA310    ,,P
SUTTA       ,,P
EVYEDGG14X  ,,P
EVYEDGG15X  ,,P
EVYEDGG12X  ,,P
EVYEDGG18X  ,,P
EVYEDGG06X  ,,P
EVYEDGG04X  ,,P
EVYLOW5X    ,,P
EVYLOW4X    ,,P
EVYLOW3X    ,,P
EVYEDGG09X  ,,P
EVREIMS1AI  ,,P
EVREIMS1BI  ,,P
EVREIMS2AI  ,,P
EVREIMS2BI  ,,P
EVREIMS2CI  ,,P
EVNTM1AI    ,,P
EVNTM1BI    ,,P
EVNTM1CI    ,,P
EVBINKA1AX  ,,P
EVBINKA1BI  ,,P
EVBINKA1CI  ,,P
EVALUKA1AX  ,,P
EVALUKA1BI  ,,P
EVALUKA1CI  ,,P
EVALUKA2BI  ,,P
EVALUKA2CI  ,,P
EVRISOK1AX  ,,P
EVRISOK1BI  ,,P
EVRISOK1CI  ,,P
EVEDYY6AX   ,,P
EVEDYY6BX   ,,P
EVEDYY2AX   ,,P
EVEDYY2BX   ,,P
EVEDYY3AX   ,,P
EVEDYY3BX   ,,P
EVEDYY1AX   ,,P
EVEDYY1BX   ,,P
EVYLOW1X    ,,P
EVLFEELOWX  ,,P
EVLFEE2AX   ,,P
EVLFEE2BX   ,,P
EVLFEE2CX   ,,P
EVLFEE1AX   ,,P
EVLFEE1BX   ,,P
EVLFEE1CX   ,,P
EVEKDK1AX   ,,P
EVEKDK1BX   ,,P
EVEKDK1CX   ,,P
EVESMM1AX   ,,P
EVESMM1BX   ,,P
EVESMM1CX   ,,P
EVEPWW3AX   ,,P
EVEPWW1AX   ,,P
EVEPWW2AX   ,,P
EVALUKA2SAX ,,P
EVALUKA2NAX ,,P
EVYEDGG13X  ,,P
EVYEDGG10X  ,,P
EVYEDGG02X  ,,P
EVOSE1BI    ,,P
EVOSE1CI    ,,P
EVEDWW1AX   ,,P
EVEDWW2AX   ,,P
EVYEDWW2X   ,,P
EVYEDGG03X  ,,P
EVYEDGG5X   ,,P
EVEDYY7AX   ,,P
EVEDYY7BX   ,,P
EVHVL1BI    ,,P
EVHVL1CI    ,,P
EVEDWW3AX   ,,P
EVEDWW6AX   ,,P
EVEDWW4AX   ,,P
EVSPE1DI    ,,P
EVEDMM8AX   ,,P
EVEDWW8AX   ,,P
EVEDMM9AX   ,,P
EVEDMM8BX   ,,P
EVEDMM9BX   ,,P
EVLFEE1DX   ,,P
EVLFEE2DX   ,,P
EVLOVV6PAR  ,,P
EVSEGMA1AI  ,,P
EVSEGMA1BI  ,,P
EVSEGMA1CI  ,,P
EVSPE1CI    ,,P
EVTGO1AI    ,,P
EVTGO1BI    ,,P
EVTGO1CI    ,,P
EVLKAA1AX   ,,P
EVLKAA1BX   ,,P
EVLKAA1CX   ,,P
EVLKAA1DX   ,,P
EVLKAA2AX   ,,P
EVLKAA2BX   ,,P
EVLKAA2CX   ,,P
EVLKAA2DX   ,,P
EVEDYY3CX   ,,P
EVEDYY6CX   ,,P
EVSLN1AI    ,,P
EVSLN1BI    ,,P
EVYEDGG1X   ,,P
EVYEDGG2AX  ,,P
EVYEDGG2BI  ,,P
EVYEDGG3X   ,,P
EVYEDGG4X   ,,P
EVYLOW2X    ,,P
EVSLN1CI    ,,P
EVREIMS1CI  ,,P
EVTGO1DI    ,,P
EVSEGMA1DI  ,,P
EVWUR1BI    ,,P
EVWUR1CI    ,,P
EVWUR1DI    ,,P
EVWUR1EI    ,,P
EVANSB1AX   ,,P
EVWUR1AI    ,,P
EVKEMAD1BX  ,,P
EVKEMAD1CI  ,,P
EVKEMAD1DI  ,,P
EVKEMAD1EI  ,,P
EVEDYY4AX   ,,P
EVEDYY4BX   ,,P
EVEDYY4CX   ,,P
EVHILFE2AX  ,,P
EVKEMAD1AX  ,,P
EVFUL1BI    ,,P
EVFUL1CI    ,,P
EVFUL1DI    ,,P
EVHILFE1AX  ,,P
EVFUL1AI    ,,P
EVFFM1BI    ,,P
EVFFM1CI    ,,P
EVFFM1DI    ,,P
EVFFM1EI    ,,P
EVEKSAK1AX  ,,P
EVFFM1AI    ,,P
EVEDYY5AX   ,,P
EVEDYY5BX   ,,P
EVEDYY5CX   ,,P
EVLIPP1AX   ,,P
EVLIPP1BX   ,,P
EVLIPP2AX   ,,P
EVLIPP2BX   ,,P
EVLSAZ1AX   ,,P
EVLSAZ1BX   ,,P
EVLSAZ1CX   ,,P
EVLSAZ1DX   ,,P
EVLSAZ1EX   ,,P
EVEDYY7CX   ,,P
EVKAMUC1AI  ,,P
EVKAMUC1BI  ,,P
EVKAMUC1CI  ,,P
EVKAMUC1DI  ,,P
EVLIPP1CX   ,,P
EVLIPP2CX   ,,P
EVLIPP2DX   ,,P
EVLIPP3AX   ,,P
EVLIPP3BX   ,,P
EVLIPP3CX   ,,P
EVLOVV1AX   ,,P
EVLOVV1BX   ,,P
EVLOVV1CX   ,,P
EVLOVV1DX   ,,P
EVLOVV1EX   ,,P
EVYEDGG07X  ,,P
EVISA1CI    ,,P
EVISA1DI    ,,P
EVISA1EI    ,,P
EVEDMM21AX  ,,P
EVEDMM24AX  ,,P
EVEDMM25AX  ,,P
EVEDMM21BX  ,,P
EVEDMM24BX  ,,P
EVEDMM25BX  ,,P
EVNTM1DI    ,,P
EVREIMS2DI  ,,P
EVLOVV2AX   ,,P
EVLOVV2BX   ,,P
EVLOVV2CX   ,,P
EVLOVV2DX   ,,P
EVLOVV2EX   ,,P
EVLOVV5AX   ,,P
EVLOVV5BX   ,,P
EVLOVV5CX   ,,P
EVLOVV5DX   ,,P
EVLOVV5EX   ,,P
EVLOVV36AX  ,,P
EVLOVV36BX  ,,P
EVLOVV36CX  ,,P
EVLOVV36DX  ,,P
EVLOVV36EX  ,,P
EVLOVV4AX   ,,P
EVLOVV4BX   ,,P
EVLOVV4CX   ,,P
EVLOVV4DX   ,,P
EVLOVV4EX   ,,P
EVCHI1BI    ,,P
EVCHI1CI    ,,P
EVCHI1DI    ,,P
EVEDMM31AX  ,,P
EVEDMM37AX  ,,P
EVEDMM32AX  ,,P
EVEDMM33AX  ,,P
EVLOVV35AX  ,,P
EVEDMM34AX  ,,P
EVALP1BI    ,,P
EVALP1DI    ,,P
EVALP2CI    ,,P
EVALP1CI    ,,P
EVEDMM15AX  ,,P
EVEDMM14AX  ,,P
EVEDMM13AX  ,,P
EVEDMM11AX  ,,P
EVEDMM12AX  ,,P
EVEDMM22AX  ,,P
EVEDMM23AX  ,,P
EVEDMM22BX  ,,P
EVEDMM23BX  ,,P
EVYEDWW1X   ,,P
EVYEDGG01X  ,,P
EVYLOW6X    ,,P
EVRDG1      ,,P
EVYEDGG20X  ,,P
EVEGG1PAR   ,,P
EVYLOW7X    ,,P
EVTEG1Y     ,,P
EVTEG1X     ,,P
EVTEG1Z     ,,P
EVZUG1A     ,,P
EVZUG1B     ,,P
EVFUE1D     ,,P
EVFUE1AB    ,,P
EVFUE1C     ,,P
EVZUG2B     ,,P
EVZUG2A     ,,P
EVZUG2C     ,,P
EVFUE1B     ,,P
EVFUE1A     ,,P
EVFUE1E     ,,P
EVYLOW8X    ,,P
EVLCHAB     ,,P
EVLCHA      ,,P
EVLCHAC     ,,P
EVLCHB      ,,P
EVLCHBA     ,,P
EVLCHC      ,,P
EVLCHCA     ,,P
EVLCHCB     ,,P
EVLCHD      ,,P
EVLCHDA     ,,P
EVYTGOA     ,,P
EVYTGOB     ,,P
EVYTGOC     ,,P
EVYTGOCA    ,,P
EVNDG1C     ,,P
EVNDG1A     ,,P
EVNDG1AB    ,,P
EVNDG1B     ,,P
EVNDG1BA    ,,P
EVWLD1A     ,,P
EVWLD1B     ,,P
EVDMS1A     ,,P
EVDMS1B     ,,P
EVDMS1BA    ,,P
EVDMS1BC    ,,P
EVDMS1BB    ,,P
EVDMN1A     ,,P
EVDMN1B     ,,P
EVDMN1BA    ,,P
EVDMN1BC    ,,P
EVALB1A     ,,P
EVALB1B     ,,P
EVFRK4A     ,,P
EVFRK4AB    ,,P
EVFRK4B     ,,P
EVFRK4BA    ,,P
EVFRK4C     ,,P
EVFRK4CA    ,,P
EVFRK4D     ,,P
EVFRK4DA    ,,P
EVFRK3A     ,,P
EVFRK3C     ,,P
EVFRK3D     ,,P
EVFRK3B     ,,P
EVFRK3BA    ,,P
EVYEDGG21XA ,,P
EVYEDGG21XB ,,P
EVTRGL1A    ,,P
EVTRGL1AB   ,,P
EVTRGL1B    ,,P
EVTRGL1BA   ,,P
EVTRGL1BB   ,,P
EVTRGL1C    ,,P
EVTRGL1CA   ,,P
EVTRGL1CB   ,,P
EVTRGL1D    ,,P
EVTRGL1DA   ,,P
EVTRGL1DB   ,,P
EVTRGL3D    ,,P
EVTRGL3B    ,,P
EVTRGL3A    ,,P
EVTRGL3AB   ,,P
EVTRGL3C    ,,P
EVTRGL3CA   ,,P
EVSASLA     ,,P
EVSASLAB    ,,P
EVSASLD     ,,P
EVSASLDA    ,,P
EVSASLB     ,,P
EVSASLBA    ,,P
EVSASLC     ,,P
EVSASLCA    ,,P
EVSTA1B     ,,P
EVSTA1A     ,,P
EVSTA1AB    ,,P
EVYEDGG19XA ,,P
EVYEDGG19XB ,,P
EVYEDGG11XA ,,P
EVYEDGG11XC ,,P
EVZAOIDEF   ,,P
EVFRK5A     ,,P
EVFRK5B     ,,P
EVFRK6A     ,,P
EVFRK6B     ,,P
EVFRK7A     ,,P
EVFRK7B     ,,P
EVFRK1A     ,,P
EVFRK1B     ,,P
EVFRK2A     ,,P
EVFRK2B     ,,P
EVTRGL2A    ,,P
EVTRGL2B    ,,P
EVTRGL4A    ,,P
EVTRGL4B    ,,P
EVEGG2A     ,,P
EVEGG2B     ,,P
EVNDG2A     ,,P
EVNDG2B     ,,P
EVALB2A     ,,P
AILFEE1DX   ,,P
AILFEE2DX   ,,P
AILOVV6PAR  ,,P
AISEGMA1AI  ,,P
AISEGMA1BI  ,,P
AISEGMA1CI  ,,P
AISPE1CI    ,,P
AITGO1AI    ,,P
AITGO1BI    ,,P
AITGO1CI    ,,P
AILKAA1AX   ,,P
AILKAA1BX   ,,P
AILKAA1CX   ,,P
AILKAA1DX   ,,P
AILKAA2AX   ,,P
AILKAA2BX   ,,P
AILKAA2CX   ,,P
AILKAA2DX   ,,P
AIEDYY3CX   ,,P
AIEDYY6CX   ,,P
AISLN1AI    ,,P
AISLN1BI    ,,P
AIYEDGG1X   ,,P
AIYEDGG2AX  ,,P
AIYEDGG2BI  ,,P
AIYEDGG3X   ,,P
AIYEDGG4X   ,,P
AIYLOW2X    ,,P
AISLN1CI    ,,P
AIREIMS1CI  ,,P
AITGO1DI    ,,P
AISEGMA1DI  ,,P
AIWUR1BI    ,,P
AIWUR1CI    ,,P
AIWUR1DI    ,,P
AIWUR1EI    ,,P
AIANSB1AX   ,,P
AIWUR1AI    ,,P
AIKEMAD1BX  ,,P
AIKEMAD1CI  ,,P
AIKEMAD1DI  ,,P
AIKEMAD1EI  ,,P
AIEDYY4AX   ,,P
AIEDYY4BX   ,,P
AIEDYY4CX   ,,P
AIHILFE2AX  ,,P
AIKEMAD1AX  ,,P
AIFUL1BI    ,,P
AIFUL1CI    ,,P
AIFUL1DI    ,,P
AIHILFE1AX  ,,P
AIFUL1AI    ,,P
AIFFM1BI    ,,P
AIFFM1CI    ,,P
AIFFM1DI    ,,P
AIFFM1EI    ,,P
AIEKSAK1AX  ,,P
AIFFM1AI    ,,P
AIEDYY5AX   ,,P
AIEDYY5BX   ,,P
AIEDYY5CX   ,,P
AILIPP1AX   ,,P
AILIPP1BX   ,,P
AILIPP2AX   ,,P
AILIPP2BX   ,,P
AILSAZ1AX   ,,P
AILSAZ1BX   ,,P
AILSAZ1CX   ,,P
AILSAZ1DX   ,,P
AILSAZ1EX   ,,P
AIEDYY7CX   ,,P
AIKAMUC1AI  ,,P
AIKAMUC1BI  ,,P
AIKAMUC1CI  ,,P
AIKAMUC1DI  ,,P
AILIPP1CX   ,,P
AILIPP2CX   ,,P
AILIPP2DX   ,,P
AILIPP3AX   ,,P
AILIPP3BX   ,,P
AILIPP3CX   ,,P
AILOVV1AX   ,,P
AILOVV1BX   ,,P
AILOVV1CX   ,,P
AILOVV1DX   ,,P
AILOVV1EX   ,,P
AIYEDGG07X  ,,P
AIISA1CI    ,,P
AIISA1DI    ,,P
AIISA1EI    ,,P
AIEDMM21AX  ,,P
AIEDMM24AX  ,,P
AIEDMM25AX  ,,P
AIEDMM21BX  ,,P
AIEDMM24BX  ,,P
AIEDMM25BX  ,,P
AINTM1DI    ,,P
AIREIMS2DI  ,,P
AILOVV2AX   ,,P
AILOVV2BX   ,,P
AILOVV2CX   ,,P
AILOVV2DX   ,,P
AILOVV2EX   ,,P
AILOVV5AX   ,,P
AILOVV5BX   ,,P
AILOVV5CX   ,,P
AILOVV5DX   ,,P
AILOVV5EX   ,,P
AILOVV36AX  ,,P
AILOVV36BX  ,,P
AILOVV36CX  ,,P
AILOVV36DX  ,,P
AILOVV36EX  ,,P
AILOVV4AX   ,,P
AILOVV4BX   ,,P
AILOVV4CX   ,,P
AILOVV4DX   ,,P
AILOVV4EX   ,,P
AICHI1BI    ,,P
AICHI1CI    ,,P
AICHI1DI    ,,P
AIEDMM31AX  ,,P
AIEDMM37AX  ,,P
AIEDMM32AX  ,,P
AIEDMM33AX  ,,P
AILOVV35AX  ,,P
AIEDMM34AX  ,,P
AIALP1BI    ,,P
AIALP1DI    ,,P
AIALP2CI    ,,P
AIALP1CI    ,,P
AIEDMM15AX  ,,P
AIEDMM14AX  ,,P
AIEDMM13AX  ,,P
AIEDMM11AX  ,,P
AIEDMM12AX  ,,P
AIEDMM22AX  ,,P
AIEDMM23AX  ,,P
AIEDMM22BX  ,,P
AIEDMM23BX  ,,P
AIYEDWW1X   ,,P
AIYEDGG01X  ,,P
AIYLOW6X    ,,P
AIRDG1      ,,P
AIYEDGG20X  ,,P
AIEGG1PAR   ,,P
AIYLOW7X    ,,P
AITEG1Y     ,,P
AITEG1X     ,,P
AITEG1Z     ,,P
AIZUG1A     ,,P
AIZUG1B     ,,P
AIFUE1D     ,,P
AIFUE1AB    ,,P
AIFUE1C     ,,P
AIZUG2B     ,,P
AIZUG2A     ,,P
AIZUG2C     ,,P
AIFUE1B     ,,P
AIFUE1A     ,,P
AIFUE1E     ,,P
AIYLOW8X    ,,P
AILCHAB     ,,P
AILCHA      ,,P
AILCHAC     ,,P
AILCHB      ,,P
AILCHBA     ,,P
AILCHC      ,,P
AILCHCA     ,,P
AILCHCB     ,,P
AILCHD      ,,P
AILCHDA     ,,P
AIYTGOA     ,,P
AIYTGOB     ,,P
AIYTGOC     ,,P
AIYTGOCA    ,,P
AINDG1C     ,,P
AINDG1A     ,,P
AINDG1AB    ,,P
AINDG1B     ,,P
AINDG1BA    ,,P
AIWLD1A     ,,P
AIWLD1B     ,,P
AIDMS1A     ,,P
AIDMS1B     ,,P
AIDMS1BA    ,,P
AIDMS1BC    ,,P
AIDMS1BB    ,,P
AIDMN1A     ,,P
AIDMN1B     ,,P
AIDMN1BA    ,,P
AIDMN1BC    ,,P
AIALB1A     ,,P
AIALB1B     ,,P
AIFRK4A     ,,P
AIFRK4AB    ,,P
AIFRK4B     ,,P
AIFRK4BA    ,,P
AIFRK4C     ,,P
AIFRK4CA    ,,P
AIFRK4D     ,,P
AIFRK4DA    ,,P
AIFRK3A     ,,P
AIFRK3C     ,,P
AIFRK3D     ,,P
AIFRK3B     ,,P
AIFRK3BA    ,,P
AIYEDGG21XA ,,P
AIYEDGG21XB ,,P
AITRGL1A    ,,P
AITRGL1AB   ,,P
AITRGL1B    ,,P
AITRGL1BA   ,,P
AITRGL1BB   ,,P
AITRGL1C    ,,P
AITRGL1CA   ,,P
AITRGL1CB   ,,P
AITRGL1D    ,,P
AITRGL1DA   ,,P
AITRGL1DB   ,,P
AITRGL3D    ,,P
AITRGL3B    ,,P
AITRGL3A    ,,P
AITRGL3AB   ,,P
AITRGL3C    ,,P
AITRGL3CA   ,,P
AISASLA     ,,P
AISASLAB    ,,P
AISASLD     ,,P
AISASLDA    ,,P
AISASLB     ,,P
AISASLBA    ,,P
AISASLC     ,,P
AISASLCA    ,,P
AISTA1B     ,,P
AISTA1A     ,,P
EVALB2B     ,,P
EVRDG2A     ,,P
EVRDG2B     ,,P
EVHOF1A     ,,P
EVHOF1B     ,,P
EVBBG1A     ,,P
EVBBG1B     ,,P
EVBBG2A     ,,P
EVBBG2B     ,,P
EVHOF2A     ,,P
EVHOF2B     ,,P
EVTRGS1A    ,,P
EVTRGS1B    ,,P
EVTRGS1C    ,,P
EVTRGS3A    ,,P
EVTRGS3B    ,,P
EVTRGS3C    ,,P
EVTRGS2A    ,,P
EVTRGS2B    ,,P
EVTRGN2A    ,,P
EVTRGN2B    ,,P
EVTRGN1A    ,,P
EVTRGN1B    ,,P
EVTRGN3A    ,,P
EVTRGN3B    ,,P
EVTRGN3C    ,,P
EVTRGN4A    ,,P
EVTRGN4B    ,,P
EVTRGN4C    ,,P
AIYEDGG14X  ,,P
AIYEDGG15X  ,,P
AIYEDGG12X  ,,P
AIYEDGG18X  ,,P
AIYEDGG06X  ,,P
AIYEDGG04X  ,,P
AIYLOW5X    ,,P
AIYLOW4X    ,,P
AIYLOW3X    ,,P
AIYEDGG09X  ,,P
AIREIMS1AI  ,,P
AIREIMS1BI  ,,P
AIREIMS2AI  ,,P
AIREIMS2BI  ,,P
AIREIMS2CI  ,,P
AINTM1AI    ,,P
AINTM1BI    ,,P
AINTM1CI    ,,P
AIBINKA1AX  ,,P
AIBINKA1BI  ,,P
AIBINKA1CI  ,,P
AIALUKA1AX  ,,P
AIALUKA1BI  ,,P
AIALUKA1CI  ,,P
AIALUKA2BI  ,,P
AIALUKA2CI  ,,P
AIRISOK1AX  ,,P
AIRISOK1BI  ,,P
AIRISOK1CI  ,,P
AIEDYY6AX   ,,P
AIEDYY6BX   ,,P
AIEDYY2AX   ,,P
AIEDYY2BX   ,,P
AIEDYY3AX   ,,P
AIEDYY3BX   ,,P
AIEDYY1AX   ,,P
AIEDYY1BX   ,,P
AIYLOW1X    ,,P
AILFEELOWX  ,,P
AILFEE2AX   ,,P
AILFEE2BX   ,,P
AILFEE2CX   ,,P
AILFEE1AX   ,,P
AILFEE1BX   ,,P
AILFEE1CX   ,,P
AIEKDK1AX   ,,P
AIEKDK1BX   ,,P
AIEKDK1CX   ,,P
AIESMM1AX   ,,P
AIESMM1BX   ,,P
AIESMM1CX   ,,P
AIEPWW3AX   ,,P
AIEPWW1AX   ,,P
AIEPWW2AX   ,,P
AIALUKA2SAX ,,P
AIALUKA2NAX ,,P
AIYEDGG13X  ,,P
AIYEDGG10X  ,,P
AIYEDGG02X  ,,P
AIOSE1BI    ,,P
AIOSE1CI    ,,P
AIEDWW1AX   ,,P
AIEDWW2AX   ,,P
AIYEDWW2X   ,,P
AIYEDGG03X  ,,P
AIYEDGG5X   ,,P
AIEDYY7AX   ,,P
AIEDYY7BX   ,,P
AIHVL1BI    ,,P
AIHVL1CI    ,,P
AIEDWW3AX   ,,P
AIEDWW6AX   ,,P
AIEDWW4AX   ,,P
AISPE1DI    ,,P
AIEDMM8AX   ,,P
AIEDWW8AX   ,,P
AIEDMM9AX   ,,P
AIEDMM8BX   ,,P
AIEDMM9BX   ,,P
HVBETOS     ,,P
HVERNAS     ,,P
HVGERDO     ,,P
HVKPT       ,,P
HVLASTO     ,,P
HVNERID     ,,P
HVNETES     ,,P
HVOBAGA     ,,P
HVROKIL     ,,P
HVWEMAR     ,,P